-4,0.10318257740747701
-3.99,0.09991358923629498
-3.98,0.09661057235406245
-3.97,0.09327235937493691
-3.96,0.08990022730605118
-3.95,0.08649443219770096
-3.94,0.08305540248091252
-3.93,0.0795834632466886
-3.92,0.07607879384956238
-3.91,0.07254229568689796
-3.9,0.06897409023552745
-3.89,0.06537466615641016
-3.88,0.061744259119411504
-3.87,0.05808353965972529
-3.86,0.05439288413878781
-3.85,0.05067311246436485
-3.84,0.04692413546736148
-3.83,0.0431467771730909
-3.82,0.039341556486805485
-3.81,0.03550878393299419
-3.8,0.031649003553351845
-3.79,0.02776300644515437
-3.78,0.023851122193088818
-3.77,0.019913676340335338
-3.76,0.015951509882116584
-3.75,0.0119653690332341
-3.74,0.007955395200786338
-3.73,0.00392241044027603
-3.7199999999999998,0.00013297333667052416
-3.71,0.004210281863228656
-3.7,0.008308685733633539
-3.69,0.012427695478539603
-3.68,0.016566675567635376
-3.67,0.020724966000864164
-3.66,0.024901994116942605
-3.65,0.02909676780806705
-3.64,0.03330889730913995
-3.63,0.037537706925290605
-3.62,0.041782298973292206
-3.61,0.0460420682598529
-3.6,0.0503163022192743
-3.59,0.054604179402799845
-3.58,0.05890498434195536
-3.57,0.06321797594019629
-3.56,0.06754231052225147
-3.55,0.07187724979983898
-3.54,0.07622200765825039
-3.53,0.08057571026701114
-3.52,0.08493754613933198
-3.51,0.08930675910633998
-3.5,0.0936823780496729
-3.49,0.09806356023487799
-3.48,0.10244951275131352
-3.4699999999999998,0.10683923108870969
-3.46,0.1112319183248463
-3.45,0.11562651843393965
-3.44,0.12002224377764924
-3.4299999999999997,0.12441806661124336
-3.42,0.12881305316933905
-3.41,0.13320624182248098
-3.4,0.13759661969304485
-3.39,0.14198321543797876
-3.38,0.14636500936930338
-3.37,0.15074098233836608
-3.36,0.155110091441739
-3.35,0.1594712826590765
-3.34,0.1638234927835966
-3.33,0.1681656452949069
-3.32,0.1724966485757258
-3.31,0.17681540928044562
-3.3,0.18112077704704438
-3.29,0.18541165351197497
-3.2800000000000002,0.18968686791556552
-3.27,0.19394527232983927
-3.26,0.19818571380199285
-3.25,0.20240697197225793
-3.24,0.20660788422594192
-3.23,0.21078720927285596
-3.2199999999999998,0.21494375053820766
-3.21,0.21907625621502128
-3.2,0.22318348301653906
-3.19,0.2272641667497091
-3.1799999999999997,0.23131703406746731
-3.17,0.23534080835269694
-3.16,0.2393341903567345
-3.15,0.24329587081962795
-3.14,0.24722453311578257
-3.13,0.2511188459732171
-3.12,0.2549774716728534
-3.11,0.2587990542426968
-3.1,0.2625822356587955
-3.09,0.2663256486700987
-3.08,0.27002790548641015
-3.07,0.2736876224055909
-3.06,0.27730339670006315
-3.05,0.2808738222805511
-3.04,0.28439748758692784
-3.0300000000000002,0.2878729694384904
-3.02,0.2912988330313807
-3.01,0.2946736484762634
-3,0.2979959667692619
-2.99,0.30126433940795533
-2.98,0.3044773176653563
-2.9699999999999998,0.30763343771270324
-2.96,0.31073123537581593
-2.95,0.31376924681804075
-2.94,0.3167459941976096
-2.9299999999999997,0.31966001050183057
-2.92,0.3225098157027772
-2.91,0.3252939331007479
-2.9,0.32801088371729253
-2.8899999999999997,0.33065918876031913
-2.88,0.3332373666326913
-2.87,0.33574394189351614
-2.86,0.3381774352842831
-2.8499999999999996,0.34053637180669727
-2.84,0.34281927910127663
-2.83,0.3450246875446226
-2.8200000000000003,0.34715113293435745
-2.81,0.34919715344810504
-2.8,0.3511612943680292
-2.79,0.35304210694000215
-2.7800000000000002,0.35483814834315863
-2.77,0.35654798424110884
-2.76,0.35817018717391835
-2.75,0.359703339195249
-2.74,0.36114603202088136
-2.73,0.36249686749463506
-2.7199999999999998,0.3637544587428391
-2.71,0.36491743070098626
-2.7,0.36598441983041147
-2.69,0.3669540760732168
-2.6799999999999997,0.36782506403713294
-2.67,0.3685960618626075
-2.66,0.3692657631215342
-2.65,0.3698328781645617
-2.6399999999999997,0.37029613271054196
-2.63,0.3706542703780521
-2.62,0.37090605306200924
-2.61,0.3710502602615014
-2.5999999999999996,0.37108569209900544
-2.59,0.3710111677939849
-2.58,0.3708255270093122
-2.5700000000000003,0.370527631057533
-2.56,0.37011636306450146
-2.55,0.36959062814289556
-2.54,0.3689493547049582
-2.5300000000000002,0.3681914944886255
-2.52,0.3673160234800305
-2.51,0.36632194258624806
-2.5,0.3652082771925684
-2.49,0.36397407912186447
-2.48,0.36261842595948784
-2.4699999999999998,0.3611404222588759
-2.46,0.3595391994466345
-2.45,0.3578139169777573
-2.44,0.35596376191683504
-2.4299999999999997,0.3539879497703608
-2.42,0.35188572518912686
-2.41,0.34965636224618135
-2.4,0.3472991642234209
-2.3899999999999997,0.34481346471374547
-2.38,0.34219862756754693
-2.37,0.3394540473490211
-2.36,0.33657914966356717
-2.3499999999999996,0.3335733914617161
-2.34,0.3304362613474761
-2.33,0.3271672797404316
-2.3200000000000003,0.32376599959925983
-2.31,0.3202320058517252
-2.3,0.31656491683700866
-2.29,0.31276438337916684
-2.2800000000000002,0.30883008981504256
-2.27,0.3047617542663376
-2.26,0.30055912823047437
-2.25,0.2962219975318462
-2.24,0.29175018225244354
-2.23,0.28714353714860585
-2.2199999999999998,0.2824019516717979
-2.21,0.2775253505781539
-2.2,0.2725136940649509
-2.19,0.2673669777506457
-2.1799999999999997,0.262085233748655
-2.17,0.25666853019009667
-2.16,0.2511169720883888
-2.15,0.24543070151250773
-2.1399999999999997,0.23960989792616308
-2.13,0.2336547787623902
-2.12,0.22756559982745764
-2.11,0.2213426556382341
-2.0999999999999996,0.21498628005848205
-2.09,0.20849684684207728
-2.08,0.20187477017578548
-2.0700000000000003,0.19512050529527838
-2.06,0.18823454920819271
-2.05,0.18121744128206949
-2.04,0.17406976414105496
-2.0300000000000002,0.16679214441850462
-2.02,0.15938525365095735
-2.01,0.1518498090851475
-2,0.14418657492197223
-1.9899999999999998,0.1363963629772001
-1.98,0.12848003418205678
-1.9699999999999998,0.1204384994927192
-1.96,0.11227272123749889
-1.9500000000000002,0.10398371445897185
-1.94,0.09557254823305647
-1.9300000000000002,0.08704034719452024
-1.92,0.0783882930828879
-1.9100000000000001,0.06961762631443591
-1.9,0.06072964777167876
-1.8900000000000001,0.051725720556005966
-1.88,0.04260727189526445
-1.87,0.033375795080271956
-1.8599999999999999,0.02403285155342511
-1.85,0.014580073052141554
-1.8399999999999999,0.00501916386781175
-1.83,0.004648096850479997
-1.8199999999999998,0.014419852653321916
-1.81,0.0242941672462706
-1.7999999999999998,0.03426902191462822
-1.79,0.044342312795305594
-1.7799999999999998,0.05451184808299562
-1.77,0.06477534512964196
-1.7599999999999998,0.0751304274896577
-1.75,0.08557462180356615
-1.7399999999999998,0.09610535470177406
-1.73,0.1067199495114706
-1.7199999999999998,0.1174156229658376
-1.71,0.12818948180028367
-1.6999999999999997,0.13903851926433572
-1.69,0.14995961158551954
-1.6800000000000002,0.16094951435957594
-1.67,0.1720048588833923
-1.6600000000000001,0.1831221484078025
-1.65,0.19429775438680646
-1.6400000000000001,0.20552791264193954
-1.63,0.21680871952283434
-1.62,0.22813612801183708
-1.6099999999999999,0.2395059438456354
-1.6,0.2509138215910539
-1.5899999999999999,0.2623552607531095
-1.58,0.2738256018698216
-1.5699999999999998,0.2853200226446743
-1.56,0.29683353410224705
-1.5499999999999998,0.3083609768022373
-1.54,0.3198970170917896
-1.5299999999999998,0.3314361434568272
-1.52,0.34297266292846784
-1.5099999999999998,0.35450069761539543
-1.5,0.3660141813379965
-1.4899999999999998,0.3775068563919508
-1.48,0.3889722704652223
-1.4699999999999998,0.4004037737085788
-1.46,0.4117945159923941
-1.4499999999999997,0.4231374443523863
-1.44,0.4344253006461408
-1.4300000000000002,0.44565061944336437
-1.42,0.4568057261573865
-1.4100000000000001,0.46788273543621794
-1.4,0.4788735498352839
-1.3900000000000001,0.48976985878170537
-1.38,0.5005631378450613
-1.37,0.5112446483380357
-1.3599999999999999,0.5218054372477569
-1.35,0.5322363375246751
-1.3399999999999999,0.5425279687284608
-1.33,0.552670738050454
-1.3199999999999998,0.5626548417203767
-1.31,0.5724702668014007
-1.2999999999999998,0.5821067933832466
-1.29,0.5915539971769694
-1.2799999999999998,0.6008012525120164
-1.27,0.6098377357365456
-1.2599999999999998,0.6186524290186107
-1.25,0.6272341245406075
-1.2399999999999998,0.6355714290838261
-1.23,0.6436527689843642
-1.2199999999999998,0.6514663954551903
-1.21,0.6590003902497826
-1.1999999999999997,0.6662426716502733
-1.19,0.6731810007554713
-1.1800000000000002,0.6798029880400329
-1.17,0.6860961001540199
-1.1600000000000001,0.6920476669287675
-1.15,0.6976448885483219
-1.1400000000000001,0.7028748428463379
-1.13,0.7077244926801479
-1.12,0.7121806933345273
-1.1099999999999999,0.7162301999006777
-1.1,0.7198596745739733
-1.0899999999999999,0.7230556938115117
-1.08,0.7258047552863581
-1.0699999999999998,0.7280932845727363
-1.06,0.7299076414944003
-1.0499999999999998,0.7312341260662407
-1.04,0.7320589839563436
-1.0299999999999998,0.7323684113955916
-1.02,0.7321485594593707
-1.0099999999999998,0.731385537647023
-1,0.7300654166824274
-0.9899999999999998,0.7281742304613923
-0.98,0.7256979770708238
-0.9699999999999998,0.7226226188078192
-0.96,0.7189340811263604
-0.9499999999999997,0.7146182504453316
-0.94,0.7096609707512251
-0.9299999999999997,0.7040480389363133
-0.9199999999999999,0.6977651988147677
-0.9100000000000001,0.6907981337675343
-0.8999999999999999,0.6831324579702831
-0.8900000000000001,0.6747537061679623
-0.8799999999999999,0.6656473219658714
-0.8700000000000001,0.6557986446167402
-0.8599999999999999,0.6451928942923268
-0.8500000000000001,0.6338151558391962
-0.8399999999999999,0.621650361029594
-0.8300000000000001,0.6086832693309422
-0.8199999999999998,0.5948984472317921
-0.81,0.5802802461768155
-0.7999999999999998,0.5648127791800667
-0.79,0.548479896203731
-0.7799999999999998,0.5312651584094357
-0.77,0.5131518114103271
-0.7599999999999998,0.4941227576758601
-0.75,0.4741605282670765
-0.7399999999999998,0.4532472541080074
-0.73,0.4313646370302056
-0.7199999999999998,0.4084939208612034
-0.71,0.384615862865421
-0.6999999999999997,0.35971070588724746
-0.69,0.3337581515914321
-0.6799999999999997,0.30673733524673796
-0.6699999999999999,0.2786268025536437
-0.6600000000000001,0.24940448907876583
-0.6499999999999999,0.2190477029256092
-0.6400000000000001,0.18753311134658615
-0.6299999999999999,0.15483673208238236
-0.6200000000000001,0.12093393030584695
-0.6099999999999999,0.08579942214585488
-0.6000000000000001,0.04940728587571897
-0.5899999999999999,0.011730981968621563
-0.5800000000000001,0.027256616648339522
-0.5699999999999998,0.06758318267030183
-0.56,0.10927687919898346
-0.5499999999999998,0.15236628945180047
-0.54,0.19688032943955427
-0.5299999999999998,0.24284814147442982
-0.52,0.29029896617857043
-0.5099999999999998,0.339261990465354
-0.5,0.3897661687626382
-0.48999999999999977,0.441840014543414
-0.48,0.49551135902889726
-0.46999999999999975,0.5508070737383043
-0.45999999999999996,0.6077527533853397
-0.44999999999999973,0.6663723554738366
-0.43999999999999995,0.7266877928346567
-0.4299999999999997,0.7887184752876772
-0.41999999999999993,0.8524807966221136
-0.41000000000000014,0.9179875631860941
-0.3999999999999999,0.9852473605843184
-0.3900000000000001,1.0542638553277446
-0.3799999999999999,1.1250350287906472
-0.3700000000000001,1.1975523415412879
-0.3599999999999999,1.2717998270588087
-0.3500000000000001,1.3477531150683726
-0.33999999999999986,1.4253783862591447
-0.33000000000000007,1.5046312620330669
-0.31999999999999984,1.5854556352037892
-0.31000000000000005,1.6677824502542666
-0.2999999999999998,1.7515284448902115
-0.29000000000000004,1.8365948682018989
-0.2799999999999998,1.9228661947575894
-0.27,2.0102088583600746
-0.2599999999999998,2.0984700339355555
-0.25,2.1874765009817936
-0.23999999999999977,2.277033627027279
-0.22999999999999998,2.3669245144387427
-0.21999999999999975,2.4569093584007877
-0.20999999999999996,2.5467250676611406
-0.19999999999999973,2.6360852023201606
-0.18999999999999995,2.7246802841306703
-0.17999999999999972,2.8121785340263323
-0.16999999999999993,2.8982270884719594
-0.16000000000000014,2.9824537403172746
-0.1499999999999999,3.0644692407962864
-0.14000000000000012,3.143870186925849
-0.1299999999999999,3.220242502763876
-0.1200000000000001,3.2931655039518333
-0.10999999999999988,3.362216513106899
-0.10000000000000009,3.4269759696509308
-0.08999999999999986,3.4870329525624775
-0.08000000000000007,3.541991009580103
-0.06999999999999984,3.59147416305259
-0.06000000000000005,3.6351329425340704
-0.04999999999999982,3.672650278981478
-0.040000000000000036,3.7037470865188404
-0.029999999999999805,3.728187356399478
-0.020000000000000018,3.745782594811976
-0.009999999999999787,3.7563954517870903
0,3.759942412304587
0.009999999999999787,3.7563954517734577
0.020000000000000462,3.7457825947848256
0.03000000000000025,3.728187356359056
0.040000000000000036,3.703747086465503
0.04999999999999982,3.6726502789156887
0.0600000000000005,3.6351329424563947
0.07000000000000028,3.591474162963683
0.08000000000000007,3.5419910094806877
0.08999999999999986,3.487032952453346
0.09999999999999964,3.4269759695329265
0.11000000000000032,3.3622165129808894
0.1200000000000001,3.293165503818733
0.1299999999999999,3.2202425026245978
0.13999999999999968,3.1438701867813093
0.15000000000000036,3.064469240647373
0.16000000000000014,2.9824537401648814
0.16999999999999993,2.8982270883169394
0.17999999999999972,2.812178533869496
0.1900000000000004,2.724680283972792
0.20000000000000018,2.6360852021619783
0.20999999999999996,2.5467250675033317
0.21999999999999975,2.456909358243985
0.23000000000000043,2.3669245142835136
0.2400000000000002,2.277033626874151
0.25,2.1874765008312473
0.2599999999999998,2.0984700337880033
0.27000000000000046,2.010208858215886
0.28000000000000025,1.9228661946170933
0.29000000000000004,1.8365948680653792
0.2999999999999998,1.7515284447578965
0.3100000000000005,1.6677824501263536
0.3200000000000003,1.5854556350804372
0.33000000000000007,1.5046312619144042
0.33999999999999986,1.4253783861452538
0.35000000000000053,1.3477531149593107
0.3600000000000003,1.2717998269546151
0.3700000000000001,1.197552341441969
0.3799999999999999,1.125035028696181
0.3899999999999997,1.0542638552380998
0.40000000000000036,0.9852473604994247
0.41000000000000014,0.9179875631058846
0.41999999999999993,0.852480796546491
0.4299999999999997,0.7887184752165314
0.4400000000000004,0.7266877927678596
0.4500000000000002,0.6663723554112579
0.45999999999999996,0.6077527533268304
0.46999999999999975,0.5508070736836987
0.4800000000000004,0.49551135897802195
0.4900000000000002,0.44184001449609106
0.5,0.38976616871867487
0.5099999999999998,0.33926199042454724
0.5200000000000005,0.29029896614070916
0.5300000000000002,0.24284814143930172
0.54,0.1968803294069307
0.5499999999999998,0.15236628942144553
0.5600000000000005,0.10927687917065704
0.5700000000000003,0.06758318264375753
0.5800000000000001,0.02725661662332709
0.5899999999999999,0.0117309819923706
0.6000000000000005,0.049407285898466616
0.6100000000000003,0.08579942216786554
0.6200000000000001,0.12093393032740238
0.6299999999999999,0.15483673210376808
0.6399999999999997,0.18753311136807563
0.6500000000000004,0.2190477029475094
0.6600000000000001,0.2494044891013568
0.6699999999999999,0.278626802577232
0.6799999999999997,0.30673733527160385
0.6900000000000004,0.33375815161789674
0.7000000000000002,0.35971070591560816
0.71,0.3846158628959868
0.7199999999999998,0.40849392089426245
0.7300000000000004,0.4313646370660784
0.7400000000000002,0.4532472541469969
0.75,0.4741605283094743
0.7599999999999998,0.4941227577219695
0.7700000000000005,0.5131518114604493
0.7800000000000002,0.5312651584638759
0.79,0.5484798962627714
0.7999999999999998,0.5648127792439991
0.8100000000000005,0.5802802462459311
0.8200000000000003,0.5948984473063507
0.8300000000000001,0.6086832694112168
0.8399999999999999,0.6216503611158548
0.8500000000000005,0.6338151559316996
0.8600000000000003,0.6451928943913123
0.8700000000000001,0.6557986447224625
0.8799999999999999,0.6656473220785568
0.8899999999999997,0.6747537062878151
0.9000000000000004,0.6831324580975316
0.9100000000000001,0.6907981339023803
0.9199999999999999,0.6977651989574071
0.9299999999999997,0.7040480390868998
0.9400000000000004,0.7096609709099525
0.9500000000000002,0.714618250612292
0.96,0.71893408130174
0.9699999999999998,0.7226226189917151
0.9800000000000004,0.7256979772634058
0.9900000000000002,0.7281742306626866
1,0.7300654168925795
1.0099999999999998,0.7313855378660657
1.0200000000000005,0.7321485596873801
1.0300000000000002,0.7323684116326081
1.04,0.7320589842024353
1.0499999999999998,0.7312341263213635
1.0600000000000005,0.7299076417585675
1.0700000000000003,0.7280932848459308
1.08,0.7258047555685909
1.0899999999999999,0.7230556941027145
1.1000000000000005,0.7198596748740924
1.1100000000000003,0.7162302002096818
1.12,0.7121806936523082
1.13,0.7077244930065547
1.1399999999999997,0.7028748431813239
1.1500000000000004,0.6976448888918069
1.1600000000000001,0.6920476672805361
1.17,0.6860961005140128
1.1799999999999997,0.6798029884080489
1.1900000000000004,0.6731810011314194
1.2000000000000002,0.666242672033861
1.21,0.6590003906408098
1.2199999999999998,0.6514663958535578
1.2300000000000004,0.6436527693898402
1.2400000000000002,0.6355714294961932
1.25,0.6272341249598046
1.2599999999999998,0.6186524294440262
1.2700000000000005,0.6098377361682585
1.2800000000000002,0.6008012529495783
1.29,0.5915539976201997
1.2999999999999998,0.5821067938318485
1.3100000000000005,0.5724702672551034
1.3200000000000003,0.5626548421790128
1.33,0.5526707385136678
1.3399999999999999,0.5425279691959484
1.3500000000000005,0.5322363379964038
1.3600000000000003,0.5218054377231045
1.37,0.5112446488163851
1.38,0.5005631383266768
1.3899999999999997,0.48976985926601996
1.4000000000000004,0.4788735503224594
1.4100000000000001,0.4678827359253174
1.42,0.45680572664820246
1.4299999999999997,0.4456506199357741
1.4400000000000004,0.43442530113944233
1.4500000000000002,0.4231374448466085
1.46,0.4117945164875027
1.4699999999999998,0.40040377420337653
1.4800000000000004,0.3889722709594764
1.4900000000000002,0.37750685688615626
1.5,0.3660141818313813
1.5099999999999998,0.3545006981079853
1.5200000000000005,0.3429726634191232
1.5300000000000002,0.3314361439456273
1.54,0.3198970175792014
1.5499999999999998,0.3083609772857741
1.5600000000000005,0.2968335345837011
1.5700000000000003,0.2853200231219628
1.58,0.273825602343959
1.5899999999999999,0.2623552612230663
1.6000000000000005,0.25091382205661705
1.6100000000000003,0.2395059443055597
1.62,0.22813612846762488
1.63,0.2168087199724305
1.6399999999999997,0.20552791308756155
1.6500000000000004,0.19429775482526862
1.6600000000000001,0.18312214884004369
1.67,0.17200485930792248
1.6799999999999997,0.16094951477901284
1.6900000000000004,0.1499596119952819
1.7000000000000002,0.13903851966627573
1.71,0.12818948219598206
1.7199999999999998,0.117415623354632
1.7300000000000004,0.1067199498897643
1.7400000000000002,0.09610535507141926
1.75,0.0855746221668229
1.7599999999999998,0.07513042784043697
1.7700000000000005,0.06477534547571388
1.7800000000000002,0.054511848415345905
1.79,0.04434231311723814
1.7999999999999998,0.03426902222386883
1.8100000000000005,0.02429416754305944
1.8200000000000003,0.01441985293859978
1.83,0.004648097129476311
1.8399999999999999,0.005019163603143684
1.8500000000000005,0.014580072801768516
1.8600000000000003,0.0240328513115156
1.87,0.03337579485212986
1.88,0.042607271682776934
1.8899999999999997,0.051725720359099135
1.9000000000000004,0.06072964758176888
1.9100000000000001,0.06961762613555282
1.92,0.07838829291772559
1.9299999999999997,0.0870403470544719
1.9400000000000004,0.09557254810374485
1.9500000000000002,0.10398371434288789
1.96,0.11227272113922385
1.9699999999999998,0.12043849940163837
1.9800000000000004,0.1284800341110802
1.9900000000000002,0.13639636292781449
2,0.14418657487317493
2.01,0.1518498090834241
2.0200000000000005,0.1593852536333486
2.0300000000000002,0.16679214442704282
2.04,0.17406976415341224
2.05,0.1812174413037579
2.0600000000000005,0.1882345492488185
2.0700000000000003,0.19512050537270295
2.08,0.20187477026093958
2.09,0.20849684694001405
2.1000000000000005,0.21498628016577054
2.1100000000000003,0.22134265575784898
2.12,0.22756559997763212
2.13,0.233654778946953
2.1400000000000006,0.2396098981049436
2.1500000000000004,0.24543070170044262
2.16,0.25111697231730046
2.17,0.2566685304300707
2.1799999999999997,0.2620852339876611
2.1900000000000004,0.2673669780223098
2.2,0.2725136942815855
2.21,0.27752535088103125
2.2199999999999998,0.2824019519751157
2.2300000000000004,0.2871435374442637
2.24,0.2917501825957673
2.25,0.29622199787644443
2.26,0.30055912859503325
2.2700000000000005,0.30476175465231553
2.2800000000000002,0.3088300902770223
2.29,0.3127643837657868
2.3,0.31656491722530833
2.3100000000000005,0.32023200631506477
2.3200000000000003,0.32376599998900546
2.33,0.3271672802347478
2.34,0.3304362618087007
2.3500000000000005,0.33357339196597546
2.3600000000000003,0.33657915018369944
2.37,0.3394540478765173
2.38,0.3421986281033544
2.3900000000000006,0.3448134652643034
2.4000000000000004,0.3472991647867138
2.41,0.34965636279978424
2.42,0.3518857257967752
2.4299999999999997,0.35398795028419
2.4400000000000004,0.3559637624174984
2.45,0.3578139176225741
2.46,0.3595392002029571
2.4699999999999998,0.3611404229319433
2.4800000000000004,0.36261842662984817
2.49,0.36397407972584106
2.5,0.3652082778044965
2.51,0.3663219431367505
2.5200000000000005,0.3673160241957015
2.5300000000000002,0.3681914951569263
2.54,0.36894935538368984
2.55,0.3695906288972698
2.5600000000000005,0.37011636383267976
2.5700000000000003,0.37052763188003796
2.58,0.37082552771201144
2.59,0.37101116839795534
2.6000000000000005,0.3710856928049431
2.6100000000000003,0.371050260986441
2.62,0.37090605355910994
2.63,0.3706542710685089
2.6400000000000006,0.37029613334398437
2.6500000000000004,0.36983287884391614
2.66,0.36926576399179667
2.67,0.36859606250364874
2.6799999999999997,0.36782506470807874
2.6900000000000004,0.3669540768592758
2.7,0.36598442044404034
2.71,0.3649174314835614
2.7199999999999998,0.36375445983064947
2.7300000000000004,0.3624968684637087
2.74,0.3611460327774643
2.75,0.35970333987226843
2.76,0.35817018784219207
2.7700000000000005,0.35654798506277463
2.7800000000000002,0.3548381494795445
2.79,0.35304210789793905
2.8,0.35116129527558115
2.8100000000000005,0.3491971540174401
2.8200000000000003,0.3471511332750727
2.83,0.3450246882504127
2.84,0.342819279504926
2.8500000000000005,0.3405363722748746
2.8600000000000003,0.3381774357936707
2.87,0.3357439426215888
2.88,0.33323736798345666
2.8900000000000006,0.33065918911590225
2.9000000000000004,0.3280108846233158
2.91,0.3252939338443045
2.92,0.3225098162287501
2.9299999999999997,0.31966001072588335
2.9400000000000004,0.31674599518429014
2.95,0.31376924576358445
2.96,0.31073123635915945
2.9699999999999998,0.3076334380396259
2.9800000000000004,0.304477318497872
2.99,0.3012643415153653
3,0.2979959664411739
3.01,0.29467364768461474
3.0200000000000005,0.29129883422291053
3.0300000000000002,0.28787296912355864
3.04,0.28439748908174417
3.05,0.2808738239722161
3.0600000000000005,0.27730339641814006
3.0700000000000003,0.2736876213730579
3.08,0.27002790572026286
3.09,0.26632564788648627
3.1000000000000005,0.26258223747188975
3.1100000000000003,0.2587990548947547
3.12,0.25497747105264695
3.13,0.2511188469981419
3.1400000000000006,0.24722453363056346
3.1500000000000004,0.24329587140229247
3.16,0.23933419004124185
3.17,0.23534080828685114
3.1799999999999997,0.23131703364227882
3.1900000000000004,0.22726416214097236
3.2,0.22318347812681916
3.21,0.2190762540496365
3.2199999999999998,0.21494375027310492
3.2300000000000004,0.21078721489898783
3.24,0.20660788360207358
3.25,0.2024069794800852
3.26,0.1981857129157582
3.2700000000000005,0.1939452814521199
3.2800000000000002,0.1896868696792936
3.29,0.1854116491332797
3.3,0.18112077820807246
3.3100000000000005,0.17681540207668886
3.3200000000000003,0.17249665262481903
3.33,0.16816564839454548
3.34,0.16382349453899328
3.3500000000000005,0.15947128278505118
3.3600000000000003,0.15511009140892715
3.37,0.15074098521705265
3.38,0.1463650155401123
3.3900000000000006,0.14198322023103743
3.4000000000000004,0.1375966236750824
3.41,0.13320623680557755
3.42,0.12881305712804253
3.4299999999999997,0.12441806874917054
3.4400000000000004,0.12002224241775938
3.45,0.11562653556534497
3.46,0.11123189235751896
3.4699999999999998,0.10683924375048018
3.4800000000000004,0.10244950755034526
3.49,0.0980635884802993
3.5,0.09368237825121982
3.51,0.08930675563652836
3.5200000000000005,0.08493758655138191
3.5300000000000002,0.08057572413538099
3.54,0.07622200884122463
3.55,0.07187726851972309
3.5600000000000005,0.0675423185166355
3.5700000000000003,0.06321796176606773
3.58,0.058904988885975215
3.59,0.05460417828073218
3.6000000000000005,0.05031629624043318
3.6100000000000003,0.04604209704307576
3.62,0.041782323060025904
3.63,0.037537704860974776
3.6400000000000006,0.03330896131762379
3.6500000000000004,0.029096799711203953
3.66,0.024901915842231812
3.67,0.020724994132430972
3.6799999999999997,0.01656670773774216
3.6900000000000004,0.012427718648393512
3.7,0.00830867780106418
3.71,0.004210225183932453
3.7199999999999998,0.00013298993844646629
3.7300000000000004,0.003922409531195712
3.74,0.007955365458103027
3.75,0.011965280607109779
3.76,0.015951568179244847
3.7700000000000005,0.019913651700432727
3.7800000000000002,0.023850964938020074
3.79,0.027762951790923654
3.8,0.031649066202617926
3.8100000000000005,0.03550877206310035
3.8200000000000003,0.0393415431169296
3.83,0.04314686287858013
3.84,0.046924224537880456
3.8500000000000005,0.05067313087947791
3.8600000000000003,0.05439309419298193
3.87,0.058083636198591374
3.88,0.06174428796287148
3.8900000000000006,0.06537458982239357
3.9000000000000004,0.06897409130065665
3.91,0.07254235105125842
3.92,0.07607893678125592
3.9300000000000006,0.07958342517084799
3.9400000000000004,0.08305540181351909
3.95,0.08649446116463211
3.96,0.08990020646688217
3.9699999999999998,0.09327224967736815
3.9800000000000004,0.09661021144570026
3.99,0.09991372102230812
4,0.10318241623020498
