-4,0.17807469701509823
-3.99,0.1791006133478949
-3.98,0.18009214509422794
-3.97,0.18104856949326972
-3.96,0.1819691539551851
-3.95,0.1828531562712435
-3.94,0.18369982539663168
-3.93,0.18450840132412655
-3.92,0.18527811595917112
-3.91,0.18600819338225558
-3.9000000000000004,0.186697850407268
-3.89,0.18734629725172225
-3.8800000000000003,0.18795273791173034
-3.87,0.1885163709584591
-3.8600000000000003,0.18903639014723736
-3.85,0.1895119851539768
-3.8400000000000003,0.1899423419777671
-3.83,0.19032664422589307
-3.82,0.19066407342709463
-3.81,0.19095381001082545
-3.8,0.19119503413611322
-3.79,0.19138692649837138
-3.78,0.19152866921660405
-3.77,0.19161944675972953
-3.76,0.1916584468242279
-3.75,0.1916448614211765
-3.7399999999999998,0.1915778875400287
-3.73,0.19145672865579116
-3.72,0.19128059506477751
-3.71,0.19104870553013897
-3.7,0.19076028809792847
-3.69,0.19041458100604888
-3.68,0.1900108341484267
-3.67,0.1895483099982413
-3.66,0.1890262847680245
-3.65,0.18844404966626727
-3.64,0.18780091188290682
-3.6300000000000003,0.1870961961190127
-3.62,0.18632924582053245
-3.6100000000000003,0.18549942399066105
-3.6,0.18460611541122485
-3.5900000000000003,0.1836487270351533
-3.58,0.18262669007364843
-3.5700000000000003,0.18153946112695304
-3.56,0.18038652383989712
-3.55,0.17916739045831567
-3.54,0.17788160303878398
-3.53,0.17652873589237927
-3.52,0.17510839682357882
-3.51,0.17362022901634258
-3.5,0.1720639131253033
-3.4899999999999998,0.17043916949464102
-3.48,0.16874576019858276
-3.4699999999999998,0.16698349116006883
-3.46,0.1651522156113617
-3.45,0.1632518355863905
-3.44,0.16128230629501708
-3.43,0.1592436381998957
-3.42,0.15713590130580724
-3.41,0.15495922967350856
-3.4,0.15271382436386519
-3.39,0.15039995972521092
-3.38,0.14801798844782327
-3.37,0.1455683481273082
-3.3600000000000003,0.143051567879363
-3.35,0.14046827708816825
-3.3400000000000003,0.13781921450731036
-3.33,0.13510523887916606
-3.3200000000000003,0.13232734177194364
-3.31,0.12948666178165624
-3.3000000000000003,0.12658450151857964
-3.29,0.12362234790382494
-3.2800000000000002,0.12060189529113553
-3.2700000000000005,0.11752507423939218
-3.2600000000000002,0.11439408365646107
-3.2500000000000004,0.11121143224416302
-3.24,0.1079799857036234
-3.2300000000000004,0.10470302541614385
-3.22,0.1013843192566966
-3.2100000000000004,0.09802820792019612
-3.2,0.09463971123317486
-3.19,0.09122465796594946
-3.18,0.08778984673082335
-3.17,0.08434324500254244
-3.16,0.08089423415155164
-3.15,0.07745391326541534
-3.14,0.07403547341690041
-3.13,0.07065465399866835
-3.12,0.06733029316177326
-3.11,0.06408497749574722
-3.1,0.060945777464540156
-3.0900000000000003,0.05794503122719847
-3.08,0.05512107882003249
-3.0700000000000003,0.052518769863425636
-3.06,0.05018944900805711
-3.0500000000000003,0.04819000115358696
-3.04,0.04658047997974489
-3.0300000000000002,0.04541998371986395
-3.02,0.04476090834237114
-3.01,0.04464249322470389
-3,0.045085338176333804
-2.9899999999999998,0.046088699240745906
-2.98,0.04763152451719622
-2.9699999999999998,0.04967675055398675
-2.96,0.052177275089181095
-2.9499999999999997,0.05508183573232968
-2.94,0.058339623005184575
-2.9299999999999997,0.06190325159295952
-2.92,0.06573026782307656
-2.91,0.06978360906843077
-2.9,0.07403142189307771
-2.89,0.07844655603282799
-2.88,0.08300593734736644
-2.87,0.08768993481765476
-2.86,0.09248178036992222
-2.85,0.09736706436311447
-2.84,0.1023333094108671
-2.83,0.10736961707095966
-2.8200000000000003,0.1124663781033647
-2.81,0.11761503712298431
-2.8000000000000003,0.12280790095701839
-2.79,0.12803798259438726
-2.7800000000000002,0.13329887566081788
-2.77,0.13858465053143756
-2.7600000000000002,0.14388977155766172
-2.75,0.14920902757314283
-2.74,0.15453747612138197
-2.7300000000000004,0.15987039656344795
-2.72,0.1652032520692203
-2.7100000000000004,0.17053165822094632
-2.7,0.17585135592683535
-2.6900000000000004,0.18115819010835307
-2.68,0.18644809139312682
-2.6700000000000004,0.1917170605155761
-2.66,0.1969611558840806
-2.65,0.2021764833574636
-2.64,0.20735918627677538
-2.63,0.21250543943720393
-2.62,0.21761144164635973
-2.61,0.22267341191031337
-2.6,0.2276875845874481
-2.59,0.2326502062888782
-2.58,0.2375575331468441
-2.57,0.24240582894750906
-2.56,0.24719136339826042
-2.5500000000000003,0.2519104114863955
-2.54,0.25655925203060326
-2.5300000000000002,0.26113416809627843
-2.52,0.26563144673303785
-2.5100000000000002,0.27004737922253086
-2.5,0.27437826157731954
-2.49,0.27862039562057256
-2.48,0.28277008946339605
-2.4699999999999998,0.28682365880521293
-2.46,0.2907774287470243
-2.4499999999999997,0.2946277344401095
-2.44,0.29837092342549026
-2.4299999999999997,0.30200335692579994
-2.42,0.30552141191957544
-2.4099999999999997,0.30892148308745426
-2.4,0.3121999847524127
-2.3899999999999997,0.3153533531257173
-2.38,0.3183780485613042
-2.37,0.32127055788817205
-2.36,0.32402739656608
-2.35,0.3266451115140948
-2.34,0.32912028317982434
-2.33,0.33144952830929714
-2.32,0.333629502588104
-2.31,0.33565690290892997
-2.3,0.3375284705038563
-2.29,0.33924099309026706
-2.2800000000000002,0.340791307926369
-2.27,0.34217630447579916
-2.2600000000000002,0.3433929266691039
-2.25,0.34443817650344793
-2.24,0.34530911552915233
-2.23,0.3460028687932256
-2.22,0.3465166266658916
-2.21,0.34684764780561017
-2.2,0.34699326188908136
-2.1900000000000004,0.34695087224821075
-2.18,0.3467179581749792
-2.1700000000000004,0.3462920780928621
-2.16,0.34567087130359636
-2.1500000000000004,0.34485206173175753
-2.14,0.3438334586802034
-2.1300000000000003,0.3426129614158246
-2.12,0.34118855976155926
-2.11,0.3395583375365475
-2.1,0.3377204743703477
-2.09,0.3356732490822705
-2.08,0.33341503994497496
-2.07,0.3309443302029586
-2.06,0.32825970679097083
-2.05,0.3253598654516854
-2.04,0.3222436110504709
-2.03,0.3189098622611261
-2.02,0.31535765092080426
-2.0100000000000002,0.3115861269801406
-2,0.3075945600911344
-1.99,0.30338234203292624
-1.98,0.29894898896789923
-1.97,0.2942941462849811
-1.96,0.2894175895497148
-1.95,0.2843192298522068
-1.94,0.2789991155322436
-1.9300000000000002,0.2734574384133633
-1.9200000000000002,0.2676945378724146
-1.9100000000000001,0.261710906399964
-1.9000000000000001,0.25550719662297167
-1.8900000000000001,0.24908422738517064
-1.8800000000000001,0.2424429959813692
-1.87,0.23558468746118677
-1.86,0.22851068719986928
-1.85,0.22122260098229707
-1.8399999999999999,0.21372227457236548
-1.8299999999999998,0.2060118200630057
-1.8199999999999998,0.19809365368386828
-1.8099999999999998,0.18997053825000132
-1.7999999999999998,0.18164564594831664
-1.7899999999999998,0.1731226396098707
-1.7799999999999998,0.1644057817889137
-1.7699999999999998,0.1555000918397566
-1.7599999999999998,0.1464115630476759
-1.75,0.13714748351752096
-1.74,0.12771690766689392
-1.73,0.11813137865569058
-1.72,0.10840607022143116
-1.71,0.09856164260636427
-1.7,0.0886274018136779
-1.69,0.07864690579380205
-1.68,0.0686884524848729
-1.67,0.05886580033054205
-1.6600000000000001,0.04938137866028915
-1.6500000000000001,0.04061919484065605
-1.6400000000000001,0.033331664355173186
-1.6300000000000001,0.02886473045131952
-1.62,0.028768036979281285
-1.61,0.03324397652076381
-1.6,0.04094411116021113
-1.59,0.050513169746367784
-1.58,0.06115924809317322
-1.5699999999999998,0.072473569346481
-1.5599999999999998,0.08424000925068836
-1.5499999999999998,0.09633652968279297
-1.5399999999999998,0.1086889923622648
-1.5299999999999998,0.12124902696987494
-1.5199999999999998,0.13398287763991795
-1.5099999999999998,0.14686546060013297
-1.4999999999999998,0.1598770306365235
-1.4899999999999998,0.17300122725089578
-1.48,0.18622388022911793
-1.47,0.19953224821974364
-1.46,0.21291452693384755
-1.45,0.22635951401235982
-1.44,0.23985638020782918
-1.43,0.253394504453044
-1.42,0.26696335894789075
-1.41,0.28055242057413954
-1.4,0.29415110821369683
-1.3900000000000001,0.30774873195948643
-1.3800000000000001,0.3213344542405871
-1.37,0.33489726363628686
-1.36,0.3484259470957064
-1.35,0.3619090737873129
-1.34,0.37533497993001913
-1.33,0.3886917552136043
-1.32,0.40196723586122357
-1.31,0.4151489952199546
-1.2999999999999998,0.4282243380200247
-1.2899999999999998,0.44118029809140413
-1.2799999999999998,0.4540036332164198
-1.2699999999999998,0.4666808251687374
-1.2599999999999998,0.4791980788664152
-1.2499999999999998,0.4915413227840293
-1.2399999999999998,0.5036962105595103
-1.2299999999999998,0.515648124438832
-1.2199999999999998,0.527382178281851
-1.21,0.538883221859928
-1.2,0.5501358470798713
-1.19,0.5611243939637103
-1.18,0.5718329577520112
-1.17,0.5822453971018426
-1.16,0.5923453428318043
-1.15,0.6021162078406199
-1.14,0.6115411972189327
-1.13,0.620603319274714
-1.12,0.6292853974920009
-1.11,0.637570082733801
-1.1,0.6454398662929969
-1.09,0.652877092989006
-1.08,0.6598639751237304
-1.07,0.6663826066145292
-1.06,0.6724149774770154
-1.05,0.6779429879420452
-1.04,0.6829484633570635
-1.0299999999999998,0.687413168874001
-1.0199999999999998,0.6913188236977293
-1.0099999999999998,0.6946471145820154
-0.9999999999999998,0.6973797116246501
-0.9899999999999998,0.6994982783633956
-0.9799999999999998,0.7009844873834729
-0.9699999999999998,0.701820031047819
-0.9599999999999997,0.7019866316833681
-0.9499999999999997,0.7014660531265626
-0.9399999999999997,0.7002401078923322
-0.9299999999999997,0.698290667481093
-0.9199999999999997,0.6955996652404187
-0.9099999999999997,0.6921491044987851
-0.8999999999999997,0.6879210584170831
-0.8899999999999997,0.6828976746829978
-0.8799999999999997,0.6770611733330281
-0.8700000000000001,0.6703938452409203
-0.8600000000000001,0.6628780478621213
-0.8500000000000001,0.6544961991716098
-0.8400000000000001,0.6452307712188806
-0.8300000000000001,0.6350642782143839
-0.8200000000000001,0.6239792662466234
-0.81,0.6119582994545313
-0.8,0.5989839430990677
-0.79,0.5850387495183168
-0.78,0.5701052380892205
-0.77,0.5541658749554585
-0.76,0.5372030569739736
-0.75,0.5191990872332262
-0.74,0.5001361592677666
-0.73,0.47999633983283746
-0.72,0.4587615536369707
-0.71,0.43641357993042623
-0.7,0.41293405524078336
-0.69,0.38830449109593795
-0.6799999999999999,0.3625063295477261
-0.6699999999999999,0.33552103986248283
-0.6599999999999999,0.30733029607663526
-0.6499999999999999,0.27791633316284675
-0.6399999999999999,0.2472626087597478
-0.6299999999999999,0.21535518040539642
-0.6199999999999999,0.1821857690293704
-0.6099999999999999,0.1477595566686348
-0.5999999999999999,0.11211892010686102
-0.5899999999999999,0.07544023423087591
-0.5799999999999998,0.03871495817196412
-0.5699999999999998,0.017790203623378298
-0.5599999999999998,0.049866798249083966
-0.5499999999999998,0.09150063889279887
-0.5399999999999998,0.13549005024324037
-0.5299999999999998,0.18124081136150524
-0.5199999999999998,0.22863291625833043
-0.5099999999999998,0.27763966980370336
-0.49999999999999983,0.32826254081888556
-0.4899999999999998,0.38051352532889277
-0.4799999999999998,0.4344088653232005
-0.46999999999999975,0.4899662992989101
-0.45999999999999974,0.5472036089004708
-0.44999999999999973,0.6061376825081406
-0.4399999999999997,0.6667838012970531
-0.42999999999999977,0.7291550182361157
-0.41999999999999976,0.7932615414157171
-0.40999999999999975,0.8591101098077099
-0.39999999999999974,0.9267033307587197
-0.3900000000000001,0.9960389777303491
-0.3800000000000001,1.0671092150721606
-0.3700000000000001,1.1398997843701892
-0.3600000000000001,1.2143891063579346
-0.35000000000000014,1.2905473374906642
-0.34000000000000014,1.3683353533200464
-0.3300000000000001,1.447703673203243
-0.3200000000000001,1.5285913404996463
-0.31000000000000005,1.6109247484733331
-0.30000000000000004,1.6946164399278982
-0.29000000000000004,1.779563886971154
-0.28,1.8656482719391578
-0.2700000000000001,1.9527332956972858
-0.26000000000000006,2.040664034741723
-0.25000000000000006,2.1292658863547183
-0.24000000000000005,2.2183436336008904
-0.22999999999999998,2.3076806747469805
-0.21999999999999997,2.3970384605665314
-0.21,2.4861561906207306
-0.19999999999999998,2.5747508175138143
-0.18999999999999997,2.6625174100921147
-0.18,2.7491299290700346
-0.16999999999999998,2.8342424668830453
-0.15999999999999998,2.91749097755199
-0.1499999999999999,2.9984955466894916
-0.1399999999999999,3.076863213175991
-0.12999999999999992,3.1521913528111236
-0.11999999999999991,3.224071601546868
-0.1099999999999999,3.292094302038255
-0.09999999999999991,3.3558534014103145
-0.08999999999999991,3.414951737711449
-0.0799999999999999,3.4690065892363586
-0.06999999999999984,3.5176553952491383
-0.05999999999999984,3.560561489538444
-0.049999999999999836,3.597419671584868
-0.03999999999999984,3.6279615065101445
-0.02999999999999984,3.651960127579682
-0.019999999999999837,3.6692344368485386
-0.009999999999999842,3.679652513696873
1.6653345369377348e-16,3.6831341750430537
0.009999999999999787,3.6796525149188173
0.01999999999999979,3.6692344354406194
0.029999999999999787,3.6519601277482727
0.039999999999999786,3.627961504218973
0.04999999999999979,3.5974196718774687
0.05999999999999979,3.5605614868740063
0.06999999999999978,3.5176553953510266
0.0799999999999998,3.4690065885895285
0.08999999999999986,3.4149517385089174
0.09999999999999985,3.3558534026612854
0.10999999999999986,3.2920943017175706
0.11999999999999986,3.224071601853719
0.12999999999999987,3.152191352984392
0.13999999999999985,3.0768632143032386
0.14999999999999986,2.9984955463673217
0.15999999999999986,2.9174909776956444
0.16999999999999993,2.8342424674382225
0.17999999999999994,2.749129928539202
0.18999999999999992,2.6625174088832524
0.19999999999999993,2.574750817780014
0.20999999999999994,2.4861561897556257
0.21999999999999992,2.3970384604581536
0.22999999999999993,2.307680674194205
0.23999999999999994,2.2183436332534527
0.25,2.1292658863023983
0.26,2.0406640347371754
0.27,1.9527332960803654
0.28,1.8656482715344167
0.29,1.7795638872087283
0.3,1.694616440102553
0.31,1.6109247486790086
0.32,1.5285913393978452
0.33000000000000007,1.4477036736914088
0.3400000000000001,1.3683353523858364
0.3500000000000001,1.2905473380753087
0.3600000000000001,1.2143891070906154
0.37000000000000005,1.1398997838007674
0.38000000000000006,1.0671092149740098
0.39000000000000007,0.9960389774264912
0.4000000000000001,0.9267033315718701
0.41000000000000014,0.8591101086658189
0.42000000000000015,0.7932615417683606
0.43000000000000016,0.7291550189913453
0.44000000000000017,0.6667838022140763
0.4500000000000001,0.6061376816994813
0.46000000000000013,0.5472036086135146
0.47000000000000014,0.48996629953342485
0.48000000000000015,0.4344088651191014
0.4900000000000002,0.38051352543195716
0.5000000000000002,0.3282625408951603
0.5100000000000002,0.2776396680338004
0.5200000000000002,0.2286329162271682
0.5300000000000002,0.18124081025983763
0.5400000000000003,0.13549005137800996
0.5500000000000003,0.09150063891403563
0.5600000000000003,0.04986679944284087
0.5700000000000003,0.01779020486159369
0.5800000000000003,0.03871495814207167
0.5900000000000003,0.07544023462230477
0.6000000000000003,0.11211892176670508
0.6100000000000003,0.14775955680545685
0.6200000000000003,0.18218577046071432
0.6300000000000003,0.215355179624181
0.6400000000000003,0.2472626095541674
0.6500000000000004,0.27791633265193694
0.6600000000000004,0.3073302970805943
0.6700000000000004,0.33552104098384244
0.6800000000000004,0.36250632975995845
0.6900000000000004,0.38830449174590004
0.7000000000000004,0.41293405505659353
0.7100000000000004,0.4364135806677364
0.7200000000000004,0.4587615535213747
0.7300000000000004,0.4799963410753898
0.7400000000000004,0.5001361581701598
0.7500000000000004,0.5191990881100231
0.7600000000000005,0.537203057590401
0.7700000000000005,0.5541658758244619
0.7800000000000005,0.5701052389756159
0.7900000000000005,0.5850387493781835
0.8000000000000005,0.5989839415169965
0.8100000000000005,0.611958300175511
0.8200000000000005,0.6239792665036049
0.8300000000000005,0.635064278447576
0.8400000000000005,0.645230771240011
0.8500000000000005,0.6544961984957037
0.8600000000000005,0.6628780471057221
0.8700000000000006,0.670393844872504
0.8800000000000006,0.6770611736807328
0.8899999999999997,0.6828976741770205
0.8999999999999997,0.6879210582012234
0.9099999999999997,0.692149104667544
0.9199999999999997,0.6955996650349682
0.9299999999999997,0.698290668059451
0.9399999999999997,0.70024010771059
0.9499999999999997,0.7014660529460764
0.9599999999999997,0.7019866328053426
0.9699999999999998,0.7018200308347202
0.9799999999999998,0.7009844875470862
0.9899999999999998,0.699498278068211
0.9999999999999998,0.6973797113925756
1.0099999999999998,0.6946471153886743
1.0199999999999998,0.6913188240058752
1.0299999999999998,0.6874131688948648
1.0399999999999998,0.6829484644201601
1.0499999999999998,0.6779429878590384
1.0599999999999998,0.6724149777397326
1.0699999999999998,0.6663826066587724
1.0799999999999998,0.6598639748929157
1.0899999999999999,0.6528770927544211
1.0999999999999999,0.6454398667931612
1.1099999999999999,0.6375700830454534
1.1199999999999999,0.6292853979340456
1.13,0.62060331931515
1.14,0.6115411987089941
1.15,0.602116207615531
1.16,0.5923453421683311
1.17,0.5822453973354421
1.18,0.5718329577509812
1.19,0.5611243942108274
1.2,0.5501358470277589
1.21,0.5388832222478562
1.22,0.5273821779061827
1.23,0.5156481231611189
1.24,0.5036962102971361
1.25,0.491541322570143
1.26,0.47919807959254634
1.27,0.4666808246063454
1.28,0.45400363320325837
1.29,0.44118029733033914
1.3,0.428224338319776
1.31,0.41514899481931034
1.32,0.40196723592229555
1.33,0.3886917561165343
1.34,0.37533497978182434
1.35,0.36190907480915446
1.36,0.34842594731526166
1.37,0.33489726444257994
1.3800000000000001,0.32133445445545644
1.3900000000000001,0.30774873141608755
1.4000000000000001,0.29415110858205734
1.4100000000000001,0.28055242062375596
1.4200000000000002,0.2669633583597477
1.4300000000000002,0.2533945044544865
1.4400000000000002,0.2398563805151439
1.4500000000000002,0.2263595138556607
1.4600000000000002,0.2129145268143329
1.4700000000000002,0.1995322481038044
1.4800000000000002,0.18622387995070194
1.4900000000000002,0.1730012272760697
1.5000000000000002,0.15987703041501056
1.5100000000000002,0.14686546022851643
1.5200000000000002,0.1339828775604076
1.5300000000000002,0.1212490271163238
1.5400000000000003,0.10868899288990215
1.5500000000000003,0.09633653006779921
1.5600000000000003,0.08424000910143851
1.5700000000000003,0.07247356926691637
1.5800000000000003,0.061159247584016044
1.5900000000000003,0.05051316930818598
1.6000000000000003,0.04094411105675297
1.6100000000000003,0.033243976335459065
1.6200000000000003,0.028768037139218258
1.6300000000000003,0.028864730276850416
1.6400000000000003,0.03333166450434328
1.6500000000000004,0.04061919491860252
1.6600000000000004,0.04938137918944615
1.6700000000000004,0.058865800544821836
1.6800000000000004,0.06868845185523151
1.6900000000000004,0.07864690573268768
1.7000000000000004,0.0886274018912838
1.7100000000000004,0.09856164283613116
1.7200000000000004,0.10840607003318833
1.7300000000000004,0.1181313788598116
1.7400000000000004,0.1277169074445269
1.7500000000000004,0.13714748418472675
1.7600000000000005,0.1464115635742205
1.7700000000000005,0.15550009143989882
1.7800000000000005,0.16440578190701424
1.7900000000000005,0.17312263990638369
1.8000000000000005,0.18164564598025526
1.8100000000000005,0.1899705383235329
1.8200000000000005,0.1980936537400074
1.8300000000000005,0.2060118202426414
1.8400000000000005,0.21372227476696706
1.8500000000000005,0.2212226011766052
1.8600000000000005,0.228510687572206
1.8700000000000006,0.23558468694926712
1.8800000000000006,0.24244299615191772
1.8900000000000006,0.24908422753181947
1.9000000000000006,0.25550719655173043
1.9100000000000006,0.2617109067483915
1.9200000000000006,0.26769453818060196
1.9299999999999997,0.2734574388598612
1.9399999999999997,0.2789991153416771
1.9499999999999997,0.28431922952394134
1.9599999999999997,0.2894175897590483
1.9699999999999998,0.2942941466704126
1.9799999999999998,0.2989489891424068
1.9899999999999998,0.3033823417754999
1.9999999999999998,0.3075945602121151
2.01,0.3115861269355832
2.0199999999999996,0.3153576508832678
2.03,0.3189098626207777
2.0399999999999996,0.32224361115041594
2.05,0.325359865265584
2.0599999999999996,0.3282597071921616
2.07,0.3309443303852037
2.0799999999999996,0.3334150400156607
2.09,0.335673248941552
2.0999999999999996,0.33772047438443004
2.11,0.33955833732159285
2.1199999999999997,0.34118856001602055
2.13,0.3426129613577855
2.1399999999999997,0.3438334588839833
2.15,0.344852061833329
2.1599999999999997,0.3456708712442095
2.17,0.3462920778639856
2.1799999999999997,0.3467179581188129
2.19,0.3469508723368212
2.1999999999999997,0.3469932620196225
2.21,0.34684764799828394
2.2199999999999998,0.3465166265841109
2.23,0.3460028685871963
2.2399999999999998,0.3453091155036602
2.25,0.34443817660042664
2.26,0.34339292677330635
2.27,0.34217630461204745
2.28,0.3407913077547241
2.29,0.33924099328307145
2.3,0.3375284705661183
2.31,0.3356569028789937
2.32,0.3336295023808842
2.33,0.3314495281564976
2.34,0.3291202833834297
2.35,0.32664511127444945
2.36,0.3240273967447943
2.37,0.32127055770419205
2.38,0.3183780485627638
2.39,0.31535335294510247
2.4,0.3121999846787274
2.41,0.30892148336423686
2.42,0.30552141170209196
2.43,0.3020033568136646
2.44,0.29837092338190396
2.45,0.29462773440824713
2.46,0.2907774288809851
2.47,0.28682365884798694
2.48,0.2827700895137155
2.49,0.27862039556486556
2.5,0.27437826155365574
2.5100000000000002,0.2700473793085477
2.52,0.26563144684589707
2.5300000000000002,0.2611341682406432
2.54,0.2565592519971318
2.5500000000000003,0.25191041144793647
2.56,0.2471913635930488
2.5700000000000003,0.24240582889572515
2.58,0.2375575332918088
2.5900000000000003,0.23265020632854602
2.6,0.22768758469114206
2.6100000000000003,0.22267341205020913
2.62,0.21761144157084336
2.6300000000000003,0.2125054392166532
2.64,0.20735918642404616
2.6500000000000004,0.20217648344898267
2.66,0.1969611557531279
2.6700000000000004,0.19171706026136867
2.68,0.18644809130968237
2.6900000000000004,0.18115818981191598
2.7,0.17585135598931562
2.7100000000000004,0.17053165831943307
2.72,0.16520325205881126
2.7300000000000004,0.1598703961843859
2.74,0.1545374761088922
2.7500000000000004,0.1492090275566766
2.7600000000000002,0.14388977137681058
2.7700000000000005,0.13858465078222573
2.7800000000000002,0.13329887566063778
2.7900000000000005,0.12803798271032413
2.8000000000000003,0.12280790076739038
2.8100000000000005,0.11761503729836101
2.8200000000000003,0.11246637782941546
2.8300000000000005,0.10736961718339494
2.8400000000000003,0.10233330921230772
2.8500000000000005,0.09736706459625641
2.8600000000000003,0.09248178072241556
2.8700000000000006,0.08768993471937347
2.8800000000000003,0.08300593718489181
2.8900000000000006,0.0784465558422638
2.9000000000000004,0.07403142192878817
2.9100000000000006,0.06978360883485249
2.9200000000000004,0.0657302676730229
2.9300000000000006,0.061903251378771666
2.9400000000000004,0.05833962246494058
2.9500000000000006,0.05508183561374575
2.9600000000000004,0.05217727510453368
2.9699999999999998,0.04967675027142784
2.9799999999999995,0.047631524683163166
2.9899999999999998,0.04608869947596046
2.9999999999999996,0.04508533803189023
3.01,0.0446424930227843
3.0199999999999996,0.04476090856845355
3.03,0.04541998363682049
3.0399999999999996,0.04658047990128698
3.05,0.048190001346617016
3.0599999999999996,0.05018944902736275
3.07,0.05251876988175202
3.0799999999999996,0.055121079035249834
3.09,0.057945031639747804
3.0999999999999996,0.06094577732679902
3.11,0.06408497769488483
3.1199999999999997,0.06733029330115856
3.13,0.07065465369420855
3.1399999999999997,0.07403547353718741
3.15,0.07745391320849855
3.1599999999999997,0.08089423400170387
3.17,0.08434324506122558
3.1799999999999997,0.08778984666383184
3.19,0.0912246583525197
3.1999999999999997,0.09463971121108024
3.21,0.0980282079997197
3.2199999999999998,0.10138431932730435
3.23,0.10470302536007671
3.2399999999999998,0.10797998596722372
3.25,0.11121143192669872
3.26,0.11439408357492627
3.27,0.11752507378060514
3.28,0.12060189538887814
3.29,0.12362234801572333
3.3,0.12658450154753034
3.31,0.12948666159993966
3.32,0.13232734149280612
3.33,0.1351052387340078
3.34,0.13781921436758773
3.35,0.1404682777594479
3.36,0.14305156749143721
3.37,0.1455683482282601
3.38,0.14801798870273392
3.39,0.15039995949318463
3.4,0.15271382470090936
3.41,0.15495922990916405
3.42,0.15713590171016364
3.43,0.15924363824275348
3.44,0.16128230622134634
3.45,0.16325183553208028
3.46,0.16515221532277938
3.47,0.1669834913712354
3.48,0.16874576019826107
3.49,0.17043916982435603
3.5,0.17206391326331977
3.5100000000000002,0.17362022892197418
3.52,0.1751083968009769
3.5300000000000002,0.17652873586312431
3.54,0.17788160287396787
3.5500000000000003,0.17916739038061869
3.56,0.18038652406593317
3.5700000000000003,0.181539461279752
3.58,0.18262668993454095
3.5900000000000003,0.18364872762318316
3.6,0.1846061153780441
3.6100000000000003,0.18549942423247803
3.62,0.18632924570156126
3.6300000000000003,0.18709619576160708
3.64,0.18780091167491245
3.6500000000000004,0.18844404956420382
3.66,0.18902628485593725
3.6700000000000004,0.1895483099894606
3.68,0.1900108342316501
3.6900000000000004,0.19041458083160356
3.7,0.19076028804544046
3.7100000000000004,0.19104870550453318
3.72,0.19128059484329343
3.7300000000000004,0.19145672856358628
3.74,0.19157788761859101
3.7500000000000004,0.1916448612067208
3.7600000000000002,0.19165844681685404
3.7700000000000005,0.19161944671567618
3.7800000000000002,0.19152866900962992
3.7900000000000005,0.19138692658223228
3.8000000000000003,0.19119503445282499
3.8100000000000005,0.19095380977597376
3.8200000000000003,0.1906640733304879
3.8300000000000005,0.1903266445428535
3.8400000000000003,0.18994234212134495
3.8500000000000005,0.1895119851822412
3.8600000000000003,0.1890363904414159
3.8700000000000006,0.18851637078482586
3.8800000000000003,0.18795273797880643
3.8900000000000006,0.18734629755853535
3.9000000000000004,0.18669785030463276
3.9100000000000006,0.18600819349285797
3.9200000000000004,0.18527811573535433
3.9300000000000006,0.18450840155648057
3.9400000000000004,0.18369982535229812
3.9500000000000006,0.18285315608518796
3.9600000000000004,0.18196915368880603
3.9700000000000006,0.1810485697130417
3.9800000000000004,0.1800921449646103
3.9900000000000007,0.17910061362461258
4.000000000000001,0.17807469680663524
