-4,0.16871513740314606
-3.99,0.16591730528228663
-3.98,0.16307359290093118
-3.97,0.16018430718934923
-3.96,0.15724974737483818
-3.95,0.15427092850348492
-3.94,0.15124737686879974
-3.93,0.14817961030068308
-3.92,0.14506743310256667
-3.91,0.1419115062169281
-3.9,0.13871194489873384
-3.89,0.13546943223562674
-3.88,0.1321840656216169
-3.87,0.12885623200725518
-3.86,0.12548577464868005
-3.85,0.12207376918811252
-3.84,0.11862022189258019
-3.83,0.11512559345119155
-3.82,0.11159024610311513
-3.81,0.10801462718987842
-3.8,0.10439868198037
-3.79,0.10074350270706692
-3.78,0.09704906262793221
-3.77,0.09331599366017689
-3.76,0.08954491705125868
-3.75,0.08573569571617051
-3.74,0.08188951326309117
-3.73,0.07800612655723077
-3.7199999999999998,0.07408636400595892
-3.71,0.0701309864112702
-3.7,0.06613998269191354
-3.69,0.06211403692316452
-3.68,0.058054139490139094
-3.67,0.05396027140243566
-3.66,0.04983337039252731
-3.65,0.04567364176330848
-3.64,0.041481835771648094
-3.63,0.03725846898746433
-3.62,0.03300424833920373
-3.61,0.02871979411486512
-3.6,0.024405612010734268
-3.59,0.020062411790534092
-3.58,0.015690804155766635
-3.57,0.01129152730672286
-3.56,0.006865235385124225
-3.55,0.0024124854941887422
-3.54,0.0020658274700545583
-3.53,0.006569097078558495
-3.52,0.011096610755623041
-3.51,0.015647615589091668
-3.5,0.020221337499995305
-3.49,0.024817018818978468
-3.48,0.029433844933276998
-3.4699999999999998,0.034071091644352125
-3.46,0.03872783631805208
-3.45,0.04340334833328861
-3.44,0.04809676928820905
-3.4299999999999997,0.05280726992404032
-3.42,0.0575338419529148
-3.41,0.06227580840845571
-3.4,0.06703213090487598
-3.39,0.07180197609274092
-3.38,0.07658435259589387
-3.37,0.08137834616056754
-3.36,0.08618296536463547
-3.35,0.09099725462957932
-3.34,0.09582019085711134
-3.33,0.10065083672563258
-3.32,0.10548809155425062
-3.31,0.11033096680680397
-3.3,0.11517838613174164
-3.29,0.12002924701561803
-3.2800000000000002,0.12488247530614588
-3.27,0.1297369589611429
-3.26,0.13459160142178853
-3.25,0.13944521617682185
-3.24,0.1442966618426456
-3.23,0.14914477141187518
-3.2199999999999998,0.15398831569080962
-3.21,0.15882612224730663
-3.2,0.16365695380381048
-3.19,0.16847954391527553
-3.1799999999999997,0.17329263542988613
-3.17,0.17809494674276435
-3.16,0.18288518126351203
-3.15,0.18766202824277356
-3.14,0.19242414030428107
-3.13,0.19717016427881268
-3.12,0.2018987482607924
-3.11,0.20660848748414473
-3.1,0.21129798985227086
-3.09,0.2159658287759139
-3.08,0.22061057421536515
-3.07,0.22523076730047487
-3.06,0.2298249320875519
-3.05,0.23439158640614854
-3.04,0.23892922745920694
-3.0300000000000002,0.2434363378073478
-3.02,0.2479113705001886
-3.01,0.25235278567797265
-3,0.25675901208828156
-2.99,0.26112846939794476
-2.98,0.2654595610921857
-2.9699999999999998,0.26975067203496617
-2.96,0.27400018054011926
-2.95,0.27820645250749554
-2.94,0.2823678274561651
-2.9299999999999997,0.28648264546788793
-2.92,0.29054922727039506
-2.91,0.29456588422765223
-2.9,0.2985309147648876
-2.8899999999999997,0.3024426082911281
-2.88,0.30629923835504147
-2.87,0.3100990754523735
-2.86,0.3138403772065401
-2.8499999999999996,0.31752139095100884
-2.84,0.32114035908853106
-2.83,0.324695513921041
-2.8200000000000003,0.3281850820633265
-2.81,0.3316072839465519
-2.8,0.3349603328515241
-2.79,0.3382424388853473
-2.7800000000000002,0.3414518084060855
-2.77,0.3445866412795486
-2.76,0.3476451385553027
-2.75,0.35062549633689893
-2.74,0.3535259123618035
-2.73,0.3563445814881911
-2.7199999999999998,0.35907970133044914
-2.71,0.36172947136807293
-2.7,0.36429209106085914
-2.69,0.3667657638831375
-2.6799999999999997,0.36914869894676244
-2.67,0.3714391090405722
-2.66,0.37363521302382907
-2.65,0.37573523619156224
-2.6399999999999997,0.37773741322213245
-2.63,0.3796399858959814
-2.62,0.3814412064418329
-2.61,0.38313933796349675
-2.5999999999999996,0.38473265321326483
-2.59,0.3862194405969238
-2.58,0.38759799955211693
-2.5700000000000003,0.38886664493382955
-2.56,0.39002370703296935
-2.55,0.39106753188035714
-2.54,0.3919964839239024
-2.5300000000000002,0.3928089447269078
-2.52,0.3935033152403647
-2.51,0.3940780170034874
-2.5,0.39453149222236483
-2.49,0.3948622053263751
-2.48,0.39506864331654035
-2.4699999999999998,0.39514931733822367
-2.46,0.39510276205940376
-2.45,0.39492753904857797
-2.44,0.39462223523545736
-2.4299999999999997,0.39418546494149065
-2.42,0.3936158706680479
-2.41,0.39291212309534174
-2.4,0.3920729228679248
-2.3899999999999997,0.3910970008704086
-2.38,0.3899831187202006
-2.37,0.3887300699637114
-2.36,0.3873366805942476
-2.3499999999999996,0.38580180956468196
-2.34,0.38412434957807107
-2.33,0.382303227380204
-2.3200000000000003,0.38033740532636584
-2.31,0.3782258809453464
-2.3,0.3759676874321082
-2.29,0.37356189564697684
-2.2800000000000002,0.3710076125959834
-2.27,0.3683039836595039
-2.26,0.3654501918081962
-2.25,0.36244545904127085
-2.24,0.3592890462595872
-2.23,0.35598025369762554
-2.2199999999999998,0.35251842174266274
-2.21,0.34890293085765167
-2.2,0.3451332022306689
-2.19,0.34120869809362836
-2.1799999999999997,0.3371289220767954
-2.17,0.3328934195913449
-2.16,0.32850177811988435
-2.15,0.3239536276359679
-2.1399999999999997,0.31924864092183264
-2.13,0.3143865339062168
-2.12,0.30936706601036634
-2.11,0.30419004054712817
-2.0999999999999996,0.29885530504371555
-2.09,0.29336275172811477
-2.08,0.28771231767614946
-2.0700000000000003,0.2819039855173076
-2.06,0.27593778377279116
-2.05,0.2698137872046445
-2.04,0.26353211745430705
-2.0300000000000002,0.257092943477613
-2.02,0.2504964821809135
-2.01,0.2437429989743056
-2,0.2368328083503949
-1.9899999999999998,0.22976627472505273
-1.98,0.2225438130632504
-1.9699999999999998,0.21516588970519415
-1.96,0.20763302327876454
-1.9500000000000002,0.19994578555844691
-1.94,0.19210480244064726
-1.9300000000000002,0.18411075507530014
-1.92,0.175964380928392
-1.9100000000000001,0.16766647512240632
-1.9,0.15921789156146357
-1.8900000000000001,0.15061954442336906
-1.88,0.14187240972658297
-1.87,0.13297752672341215
-1.8599999999999999,0.12393599971949618
-1.85,0.11474899982215335
-1.8399999999999999,0.10541776680195451
-1.83,0.09594361116732218
-1.8199999999999998,0.0863279162059036
-1.81,0.07657214026055613
-1.7999999999999998,0.0666778191280802
-1.79,0.056646568489525796
-1.7799999999999998,0.046480086527672604
-1.77,0.036180156698222186
-1.7599999999999998,0.025748650585455148
-1.75,0.015187530942906395
-1.7399999999999998,0.004498854808621444
-1.73,0.006315223219791977
-1.7199999999999998,0.01725244751901326
-1.71,0.028310457927228336
-1.6999999999999997,0.039486786005883553
-1.69,0.05077885120557977
-1.6800000000000002,0.062183956926156615
-1.67,0.07369928636609117
-1.6600000000000001,0.08532189827747354
-1.65,0.09704872260534622
-1.6400000000000001,0.10887655595269638
-1.63,0.12080205697214322
-1.62,0.13282174159514504
-1.6099999999999999,0.14493197816071585
-1.6,0.1571289824408245
-1.5899999999999999,0.16940881254964166
-1.58,0.18176736377699
-1.5699999999999998,0.19420036330165588
-1.56,0.20670336487286253
-1.5499999999999998,0.21927174337399813
-1.54,0.2319006893736248
-1.5299999999999998,0.2445852036112643
-1.52,0.2573200914495697
-1.5099999999999998,0.27009995731775577
-1.5,0.28291919915829855
-1.4899999999999998,0.29577200287407074
-1.48,0.30865233682055176
-1.4699999999999998,0.32155394634052387
-1.46,0.3344703483752855
-1.4499999999999997,0.34739482615370393
-1.44,0.3603204240078486
-1.4300000000000002,0.3732399423102437
-1.42,0.38614593257199087
-1.4100000000000001,0.3990306927196944
-1.4,0.4118862625681008
-1.3900000000000001,0.42470441954156185
-1.38,0.43747667463169837
-1.37,0.45019426864198153
-1.3599999999999999,0.4628481687408951
-1.35,0.47542906534593293
-1.3399999999999999,0.487927369370325
-1.33,0.5003332098503727
-1.3199999999999998,0.5126364319907085
-1.31,0.5248265956396605
-1.2999999999999998,0.5368929742350506
-1.29,0.5488245542218805
-1.2799999999999998,0.560610034989402
-1.27,0.572237829325691
-1.2599999999999998,0.5836960644227925
-1.25,0.5949725834435042
-1.2399999999999998,0.606054947659563
-1.23,0.6169304391846936
-1.2199999999999998,0.6275860642969184
-1.21,0.638008557363974
-1.1999999999999997,0.6481843853701075
-1.19,0.6580997530405892
-1.1800000000000002,0.667740608559066
-1.17,0.6770926498636418
-1.1600000000000001,0.6861413315068692
-1.15,0.6948718720562518
-1.1400000000000001,0.7032692620099467
-1.13,0.7113182721932201
-1.12,0.7190034625974128
-1.1099999999999999,0.7263091916171225
-1.1,0.7332196256350899
-1.0899999999999999,0.7397187488965653
-1.08,0.7457903736117799
-1.0699999999999998,0.7514181502160054
-1.06,0.7565855777118898
-1.0499999999999998,0.7612760140130407
-1.04,0.7654726862010638
-1.0299999999999998,0.7691587006042496
-1.02,0.7723170525985007
-1.0099999999999998,0.7749306360282243
-1,0.7769822521408382
-0.9899999999999998,0.7784546179217301
-0.98,0.7793303737171405
-0.9699999999999998,0.7795920900267836
-0.96,0.7792222733473579
-0.9499999999999997,0.7782033709470297
-0.94,0.7765177744502593
-0.9299999999999997,0.7741478221132573
-0.9199999999999999,0.7710757996718564
-0.9100000000000001,0.7672839396461355
-0.8999999999999999,0.7627544189897799
-0.8900000000000001,0.7574693549778735
-0.8799999999999999,0.7514107992306928
-0.8700000000000001,0.7445607297811421
-0.8599999999999999,0.7369010410997673
-0.8500000000000001,0.7284135320024328
-0.8399999999999999,0.7190798913757303
-0.8300000000000001,0.7088816816704752
-0.8199999999999998,0.6978003201241976
-0.81,0.685817057693409
-0.7999999999999998,0.6729129556908952
-0.79,0.659068860144537
-0.7799999999999998,0.6442653739151692
-0.77,0.6284828266341621
-0.7599999999999998,0.6117012425474583
-0.75,0.5939003063818097
-0.7399999999999998,0.5750593273787118
-0.73,0.5551572016772656
-0.7199999999999998,0.5341723732635992
-0.71,0.5120827937467979
-0.6999999999999997,0.4888658812665424
-0.69,0.4644984788880882
-0.6799999999999997,0.43895681289639277
-0.6699999999999999,0.4122164514628962
-0.6600000000000001,0.3842522642268852
-0.6499999999999999,0.35503838340984545
-0.6400000000000001,0.32454816716562085
-0.6299999999999999,0.29275416596320264
-0.6200000000000001,0.2596280929036311
-0.6099999999999999,0.22514079898819267
-0.6000000000000001,0.1892622544841293
-0.5899999999999999,0.15196153767678222
-0.5800000000000001,0.1132068324547445
-0.5699999999999998,0.07296543634925126
-0.56,0.031203780840786347
-0.5499999999999998,0.012112534043564405
-0.54,0.05701868858819383
-0.5299999999999998,0.10355057319850268
-0.52,0.1517446963870181
-0.5099999999999998,0.2016380678704845
-0.5,0.2532680534021443
-0.48999999999999977,0.3066721976363526
-0.48,0.36188801098091505
-0.46999999999999975,0.4189527160415657
-0.45999999999999996,0.4779029489085433
-0.44999999999999973,0.5387744101860342
-0.43999999999999995,0.6016014603326788
-0.4299999999999997,0.6664166535802538
-0.41999999999999993,0.7332502044460499
-0.41000000000000014,0.802129380675436
-0.3999999999999999,0.8730778163731826
-0.3900000000000001,0.9461147391384163
-0.3799999999999999,1.0212541052495934
-0.3700000000000001,1.0985036373992474
-0.3599999999999999,1.1778637602081206
-0.3500000000000001,1.259326429815561
-0.33999999999999986,1.3428738553161674
-0.33000000000000007,1.428477111764078
-0.31999999999999984,1.5160946469733012
-0.31000000000000005,1.6056706874809432
-0.2999999999999998,1.6971335528831843
-0.29000000000000004,1.7903938923622749
-0.2799999999999998,1.8853428626411324
-0.27,1.9818502728440919
-0.2599999999999998,2.079762728784057
-0.25,2.178901816957049
-0.23999999999999977,2.279062376858202
-0.22999999999999998,2.3800109189043974
-0.21999999999999975,2.4814842539279764
-0.20999999999999996,2.583188408450022
-0.19999999999999973,2.6847979071935044
-0.18999999999999995,2.785955509882236
-0.17999999999999972,2.8862724925193364
-0.16999999999999993,2.9853295632036
-0.16000000000000014,3.0826784982564734
-0.1499999999999999,3.177844575168785
-0.14000000000000012,3.27032986393759
-0.1299999999999999,3.3596174172780016
-0.1200000000000001,3.4451763728321305
-0.10999999999999988,3.5264679471727307
-0.10000000000000009,3.602952262966031
-0.08999999999999986,3.6740959085680003
-0.08000000000000007,3.7393800856335986
-0.06999999999999984,3.7983091576156958
-0.06000000000000005,3.850419373319483
-0.04999999999999982,3.895287508149092
-0.040000000000000036,3.9325391444324898
-0.029999999999999805,3.9618563039204346
-0.020000000000000018,3.9829841521618756
-0.009999999999999787,3.9957365168672716
0,4.0000000002507345
0.009999999999999787,3.9957365170448877
0.020000000000000462,3.9829841525156384
0.03000000000000025,3.9618563044474575
0.040000000000000036,3.9325391451284895
0.04999999999999982,3.895287509008519
0.0600000000000005,3.8504193743356216
0.07000000000000028,3.798309158780793
0.08000000000000007,3.739380086939034
0.08999999999999986,3.6740959100044215
0.09999999999999964,3.6029522645235343
0.11000000000000032,3.526467948841009
0.1200000000000001,3.445176374600661
0.1299999999999999,3.359617419136163
0.13999999999999968,3.270329865874825
0.15000000000000036,3.177844577174695
0.16000000000000014,3.08267850032097
0.16999999999999993,2.9853295653169445
0.17999999999999972,2.886272494672241
0.1900000000000004,2.785955512065921
0.20000000000000018,2.6847979093997405
0.20999999999999996,2.5831884106711467
0.21999999999999975,2.4814842561569175
0.23000000000000043,2.380010921134666
0.2400000000000002,2.279062379083908
0.25,2.17890181917287
0.2599999999999998,2.079762730985214
0.27000000000000046,1.9818502750263345
0.28000000000000025,1.8853428648007127
0.29000000000000004,1.790393894495924
0.2999999999999998,1.6971335549880446
0.3100000000000005,1.6056706895545654
0.3200000000000003,1.5160946490136165
0.33000000000000007,1.42847711376935
0.33999999999999986,1.3428738572849583
0.35000000000000053,1.259326431746714
0.3600000000000003,1.1778637621007366
0.3700000000000001,1.0985036392526422
0.3799999999999999,1.0212541070632821
0.3899999999999997,0.9461147409120969
0.40000000000000036,0.8730778181066905
0.41000000000000014,0.8021293823687677
0.41999999999999993,0.7332502060993105
0.4299999999999997,0.6664166551936548
0.4400000000000004,0.601601461906523
0.4500000000000002,0.5387744117207198
0.45999999999999996,0.47790295040452246
0.46999999999999975,0.4189527174993562
0.4800000000000004,0.36188801240109253
0.4900000000000002,0.30667219901953463
0.5,0.25326805474898356
0.5099999999999998,0.20163806918167637
0.5200000000000005,0.1517446976632876
0.5300000000000002,0.1035505744405953
0.54,0.05701868979688501
0.5499999999999998,0.012112535219645707
0.5600000000000005,0.031203779696502922
0.5700000000000003,0.07296543523593846
0.5800000000000001,0.1132068313715589
0.5899999999999999,0.15196153662287284
0.6000000000000005,0.18926225345862907
0.6100000000000003,0.22514079799021697
0.6200000000000001,0.259628091932305
0.6299999999999999,0.2927541650176196
0.6399999999999997,0.3245481662448763
0.6500000000000004,0.3550383825130356
0.6600000000000001,0.3842522633530746
0.6699999999999999,0.4122164506111584
0.6799999999999997,0.4389568120657928
0.6900000000000004,0.4644984780776907
0.7000000000000002,0.4888658804754091
0.71,0.5120827929739662
0.7199999999999998,0.5341723725081057
0.7300000000000004,0.5551572009381733
0.7400000000000002,0.5750593266550545
0.75,0.5939003056726133
0.7599999999999998,0.6117012418517814
0.7700000000000005,0.6284828259510366
0.7800000000000002,0.6442653732436633
0.79,0.6590688594836532
0.7999999999999998,0.6729129550396981
0.8100000000000005,0.6858170570509722
0.8200000000000003,0.6978003194895647
0.8300000000000001,0.7088816810427199
0.8399999999999999,0.7190798907539648
0.8500000000000005,0.7284135313856941
0.8600000000000003,0.7369010404872333
0.8700000000000001,0.7445607291718541
0.8799999999999999,0.7514107986238396
0.8899999999999997,0.7574693543726188
0.9000000000000004,0.7627544183852762
0.9100000000000001,0.7672839390415145
0.9199999999999999,0.7710757990664034
0.9299999999999997,0.7741478215061689
0.9400000000000004,0.7765177738407952
0.9500000000000002,0.7782033703344923
0.96,0.7792222727310569
0.9699999999999998,0.779592089406045
0.9800000000000004,0.7793303730913216
0.9900000000000002,0.7784546172902169
1,0.7769822515030848
1.0099999999999998,0.7749306353836919
1.0200000000000005,0.7723170519466108
1.0300000000000002,0.7691586999446025
1.04,0.76547268553313
1.0499999999999998,0.761276013336424
1.0600000000000005,0.7565855770263065
1.0700000000000003,0.7514181495210377
1.08,0.7457903729070847
1.0899999999999999,0.7397187481818557
1.1000000000000005,0.7332196249101838
1.1100000000000003,0.7263091908818368
1.12,0.7190034618514834
1.13,0.7113182714365595
1.1399999999999997,0.7032692612423984
1.1500000000000004,0.6948718712777099
1.1600000000000001,0.6861413307173757
1.17,0.6770926490632618
1.1799999999999997,0.6677406077477053
1.1900000000000004,0.6580997522183355
1.2000000000000002,0.6481843845370349
1.21,0.6380085565202865
1.2199999999999998,0.6275860634426603
1.2300000000000004,0.6169304383201161
1.2400000000000002,0.60605494678485
1.25,0.5949725825588298
1.2599999999999998,0.5836960635288639
1.2700000000000005,0.5722378284220362
1.2800000000000002,0.5606100340766605
1.29,0.5488245533005288
1.2999999999999998,0.5368929733051916
1.3100000000000005,0.5248265947022439
1.3200000000000003,0.5126364310451706
1.33,0.5003332088981483
1.3399999999999999,0.48792736841137985
1.3500000000000005,0.47542906438093485
1.3600000000000003,0.4628481677697932
1.37,0.45019426766569315
1.38,0.43747667365063075
1.3899999999999997,0.42470441855619095
1.4000000000000004,0.4118862615785524
1.4100000000000001,0.39903069172679634
1.42,0.38614593157810434
1.4299999999999997,0.37323994131360777
1.4400000000000004,0.36032042300889516
1.4500000000000002,0.3473948251536161
1.46,0.3344703473751276
1.4699999999999998,0.3215539453417808
1.4800000000000004,0.30865233582212276
1.4900000000000002,0.29577200187711716
1.5,0.2829191981632904
1.5099999999999998,0.2700999563256666
1.5200000000000005,0.2573200904602515
1.5300000000000002,0.24458520262683173
1.54,0.2319006883938295
1.5499999999999998,0.21927174239799774
1.5600000000000005,0.20670336390272326
1.5700000000000003,0.1942003623397664
1.58,0.1817673628202322
1.5899999999999999,0.16940881160163326
1.6000000000000005,0.15712898149883964
1.6100000000000003,0.1449319772277178
1.62,0.13282174067118022
1.63,0.12080205605832177
1.6399999999999997,0.10887655504818784
1.6500000000000004,0.09704872171057612
1.6600000000000001,0.08532189739715065
1.67,0.07369928549687119
1.6799999999999997,0.06218395607059428
1.6900000000000004,0.05077885036033999
1.7000000000000002,0.03948678516949916
1.71,0.028310457110840483
1.7199999999999998,0.017252446719861543
1.7300000000000004,0.00631522243157778
1.7400000000000002,0.004498855580575002
1.75,0.015187531704550413
1.7599999999999998,0.025748651328526176
1.7700000000000005,0.03618015741862322
1.7800000000000002,0.046480087234962955
1.79,0.056646569185090576
1.7999999999999998,0.06667781981344252
1.8100000000000005,0.0765721409251847
1.8200000000000003,0.08632791684245433
1.83,0.09594361179072387
1.8399999999999999,0.10541776741276901
1.8500000000000005,0.1147490004074655
1.8600000000000003,0.1239360002904338
1.87,0.13297752727336032
1.88,0.14187241025863087
1.8899999999999997,0.1506195449457815
1.9000000000000004,0.1592178920461263
1.9100000000000001,0.1676664756017921
1.92,0.17596438140532905
1.9299999999999997,0.18411075551592163
1.9400000000000004,0.19210480286821127
1.9500000000000002,0.19994578596966026
1.96,0.20763302368234574
1.9699999999999998,0.21516589008505413
1.9800000000000004,0.2225438134115227
1.9900000000000002,0.22976627506067218
2,0.23683280867470044
2.01,0.24374299928087514
2.0200000000000005,0.25049648249297307
2.0300000000000002,0.2570929437682513
2.04,0.26353211771596863
2.05,0.2698137874534943
2.0600000000000005,0.27593778400606594
2.0700000000000003,0.28190398574642334
2.08,0.2877123178705181
2.09,0.2933627519056593
2.1000000000000005,0.29885530524748494
2.1100000000000003,0.3041900407223228
2.12,0.3093670661715013
2.13,0.31438653405437883
2.1400000000000006,0.3192486410668953
2.1500000000000004,0.32395362777261255
2.16,0.3285017782432949
2.17,0.33289341970623854
2.1799999999999997,0.3371289221956413
2.1900000000000004,0.34120869820545763
2.2,0.3451332023413308
2.21,0.34890293096928215
2.2199999999999998,0.35251842185900845
2.2300000000000004,0.3559802538197512
2.24,0.35928904632684466
2.25,0.3624454591372142
2.26,0.3654501918921615
2.2700000000000005,0.36830398370598644
2.2800000000000002,0.3710076127390926
2.29,0.37356189575437104
2.3,0.3759676876557659
2.3100000000000005,0.3782258810081009
2.3200000000000003,0.38033740553734025
2.33,0.38230322761062063
2.34,0.3841243496954294
2.3500000000000005,0.3858018097976172
2.3600000000000003,0.3873366808778096
2.37,0.38873007024608347
2.38,0.38998311893481113
2.3900000000000006,0.3910970010497247
2.4000000000000004,0.39207292309929626
2.41,0.39291212330269215
2.42,0.3936158708766609
2.4299999999999997,0.39418546530170867
2.4400000000000004,0.39462223556819737
2.45,0.394927539402866
2.46,0.3951027624764712
2.4699999999999998,0.3951493175933574
2.4800000000000004,0.3950686438637949
2.49,0.39486220585980825
2.5,0.3945314927556848
2.51,0.3940780174539642
2.5200000000000005,0.3935033156981542
2.5300000000000002,0.3928089451729929
2.54,0.3919964845936653
2.55,0.39106753278502154
2.5600000000000005,0.3900237077519531
2.5700000000000003,0.3888666457422023
2.58,0.3875980003028012
2.59,0.38621944133148395
2.6000000000000005,0.38473265412409596
2.6100000000000003,0.38313933841955466
2.62,0.38144120744342574
2.63,0.3796399869514107
2.6400000000000006,0.37773741427402496
2.6500000000000004,0.37573523736360115
2.66,0.37363521384503445
2.67,0.3714391100712308
2.6799999999999997,0.36914870018454243
2.6900000000000004,0.3667657651854061
2.7,0.3642920920091154
2.71,0.36172947261198335
2.7199999999999998,0.35907970306788606
2.7300000000000004,0.3563445826760754
2.74,0.35352591308161535
2.75,0.3506254974086936
2.76,0.3476451394084366
2.7700000000000005,0.3445866426217432
2.7800000000000002,0.34145180955757976
2.79,0.33824244088829947
2.8,0.33496033466195213
2.8100000000000005,0.33160728553247937
2.8200000000000003,0.32818508400872987
2.83,0.3246955157221563
2.84,0.32114036071453295
2.8500000000000005,0.31752139274544666
2.8600000000000003,0.31384037862027575
2.87,0.3100990775391569
2.88,0.30629924046693685
2.8900000000000006,0.30244260952462493
2.9000000000000004,0.298530917402534
2.91,0.29456588679496004
2.92,0.29054922985716874
2.9299999999999997,0.2864826476842319
2.9400000000000004,0.282367829811674
2.95,0.27820645373877445
2.96,0.27400018447334445
2.9699999999999998,0.2697506740986554
2.9800000000000004,0.2654595613623997
2.99,0.26112847128695815
3,0.25675901480147506
3.01,0.25235278839524833
3.0200000000000005,0.2479113737917735
3.0300000000000002,0.2434363376439688
3.04,0.23892923124977167
3.05,0.2343915902877622
3.0600000000000005,0.2298249345724257
3.0700000000000003,0.2252307678292951
3.08,0.22061057748861532
3.09,0.21596583449781798
3.1000000000000005,0.21129799315214062
3.1100000000000003,0.20660849094277317
3.12,0.20189874842252914
3.13,0.1971701690881857
3.1400000000000006,0.19242413927849444
3.1500000000000004,0.18766202808929525
3.16,0.18288518730227074
3.17,0.17809495132965852
3.1799999999999997,0.17329263717284768
3.1900000000000004,0.16847954439381196
3.2,0.16365695510180864
3.21,0.1588261339496076
3.2199999999999998,0.15398832814502564
3.2300000000000004,0.14914476747173486
3.24,0.14429666432208968
3.25,0.13944521374032584
3.26,0.13459159347551064
3.2700000000000005,0.12973696404401652
3.2800000000000002,0.12488246880133926
3.29,0.1200292340216301
3.3,0.11517836898550372
3.3100000000000005,0.1103309660751962
3.3200000000000003,0.10548810087705261
3.33,0.10065083228991051
3.34,0.09582020263925883
3.3500000000000005,0.09099723779764789
3.3600000000000003,0.08618294730942554
3.37,0.0813783245212751
3.38,0.07658434671408708
3.3900000000000006,0.07180197524375682
3.4000000000000004,0.06703215567872811
3.41,0.06227581794648692
3.42,0.057533876478144376
3.4299999999999997,0.052807230358515686
3.4400000000000004,0.04809676347577513
3.45,0.043403344674197854
3.46,0.03872782790550147
3.4699999999999998,0.034071052385703314
3.4800000000000004,0.029433842746109887
3.49,0.02481700919157759
3.5,0.020221347651944298
3.51,0.01564763993822652
3.5200000000000005,0.011096653896152218
3.5300000000000002,0.0065691435587795855
3.54,0.002065849297059185
3.55,0.00241250202732321
3.5600000000000005,0.006865196914311632
3.5700000000000003,0.01129153507822218
3.58,0.01569082930192891
3.59,0.02006240529291152
3.6000000000000005,0.024405601543205303
3.6100000000000003,0.02871976918898042
3.62,0.0330042718759705
3.63,0.037258485623282156
3.6400000000000006,0.041481798694363595
3.6500000000000004,0.04567361146781769
3.66,0.049833336311083
3.67,0.05396039745883485
3.6799999999999997,0.058054230895644196
3.6900000000000004,0.06211428423338909
3.7,0.0661400166057488
3.71,0.07013089855206799
3.7199999999999998,0.0740864119147565
3.7300000000000004,0.07800604973253089
3.74,0.08188931614302622
3.75,0.0857357262833953
3.76,0.08954480619610611
3.7700000000000005,0.093316092742047
3.7800000000000002,0.09704913351032875
3.79,0.10074348673202055
3.8,0.10439872120421588
3.8100000000000005,0.10801441621000414
3.8200000000000003,0.11159016143988122
3.83,0.11512555692668129
3.84,0.11862021297321228
3.8500000000000005,0.1220737500824318
3.8600000000000003,0.12548579890388836
3.87,0.12885600016445806
3.88,0.13218400461434995
3.8900000000000006,0.13546947297212908
3.9000000000000004,0.13871207586950987
3.91,0.1419114938056354
3.92,0.14506741709589213
3.9300000000000006,0.14817954582526077
3.9400000000000004,0.15124758980917363
3.95,0.1542712685488522
3.96,0.15725031118027596
3.9699999999999998,0.1601844564662729
3.9800000000000004,0.16307345273123952
3.99,0.1659170578347372
4,0.16871503914391395
